,Name,Review_score,Review_number,Rank,Sales,,,,,,
0,GRANKEE Thongs for Women Seamless-High Waisted Thong Underwear Comfortable Quality No Show Panties Multipack,4.6 out of 5 stars,"14,434",#1,6,,,,,,
1,Calvin Klein Underwear Women Thong - Modern Cotton,4.7 out of 5 stars,"3,642",#2,16127,,,,,,
2,"Iris & Lilly Women's Seamless Thong Knickers, Pack of 5",4.0 out of 5 stars,"8,413",#3,1187,,,,,,
3,"Iris & Lilly Women's Cotton Thong Knickers, Pack of 10",4.3 out of 5 stars,"5,811",#4,627,,,,,,2125.181818
4,Women Mesh Thong Floral G-string Panties Sexy Knickers Lingerie Underwear 3/7 Pack,4.3 out of 5 stars,387,#5,0,,,,Average,2452.090909,
5,Calvin Klein Women's Bikini,4.5 out of 5 stars,246,#6,5730,,,,Thongs,90%,
6,"Womens Thong, T Back Low Waist Seamless Panties Cotton Lace Thongs For Women, Pack Of 10 Assorted different Lace Pattern and Color",4.5 out of 5 stars,235,#7,44,,,,G-string,33.30%,
7,Sunm Boutique 6-Pack Women's Cotton Lace Thong Low Waist Lace Thongs Ice Silk Lace Underwear Comfortable Underwear,4.4 out of 5 stars,413,#8,199,,,,Tangas,10%,
8,Calvin Klein Women's Carousel-Bikini Boxer Brief,4.5 out of 5 stars,"3,243",#9,3640,,,,,,
9,KNITLORD 6 Pack Women's Thongs Underwear Cotton Breathable Panties Hipster Bikini,4.6 out of 5 stars,"14,618",#10,762,,,,,,
10,Calvin Klein - Women's Pack of 3 Thongs - Carousel - 90 Percent Cotton 10 Percent Elastane - Medium Rise Waist - Cotton Stretch Jersey,4.7 out of 5 stars,"2,858",#11,6893,,,,,,
11,Calvin Klein Ultimate Line Labelled Waistband Women's Thong,4.6 out of 5 stars,167,#12,4202,,,,,,
12,Yrendenge 6 Pack Ice Silk Seamless Thongs for Women Multicolor Seamless Knickers Ladies Underwear Women No Show Low Rise Panties G-Strings Ladies Thongs,3.7 out of 5 stars,31,#13,267,,,,,,
13,"Iris & Lilly Women's Lace High Waist Thong Knickers, Pack of 2",4.7 out of 5 stars,987,#14,1206,,,,,,
14,"Iris & Lilly Women's Cotton and Lace Thong Knickers, Pack of 5",4.5 out of 5 stars,"14,188",#15,2260,,,,,,
15,ohyeahlady Women's Floral Lace Thongs Soft Stretchy Knickers Plus Size Underwear Ladies Panties Hipster Bikini,3.3 out of 5 stars,3,#16,,,,,,,
16,Simply Joshimo Womens Pack of 3 Sexy Lace G-Strings | Classic Everyday Thongs,4.1 out of 5 stars,603,#17,,,,,,,
17,"Amazon Essentials Women's Cotton and Lace Thong Knickers, Pack of 4",4.7 out of 5 stars,33,#18,,,,,,,
18,Ann Summers Sexy Lace Planet String Thongs for Women with lace Trim and Charm Detail - Lace G String - Barely There String Underwear - Thong Lingerie - Red,5.0 out of 5 stars,5,#19,,,,,,,
19,Lace Briefs for Women Lace Knickers Silk Thong Sexy Underwear Comfortable Lace Panties for Ladies Girl Multipack 3/5Pack,4.3 out of 5 stars,175,#20,,,,,,,
20,FINETOO 4 Pack High Waisted Thongs for Women Tummy control Tangas Ladies Breathable Underwear Soft Stretchy Nylon Spandex No Side Seam Panties S-XL,4.3 out of 5 stars,990,#21,,,,,,,
21,Nightease Womens Black Lace Knickers Pack of 4pcs Midnight Lingerie Thong Panties with Bow Knot,3.6 out of 5 stars,68,#22,,,,,,,
22,Livonmone Knickers Womens Sexy Thong Lace Underwear Low Rise Ladies Panties Hipster Bikini Briefs Comfort Cotton Knickers Pack Of 5/6,4.4 out of 5 stars,44,#23,,,,,,,
23,Yrendenge 6 Pack Lace Thongs for Women Multicolor Lace Panties G-Strings Ladies Thongs Breathable Underwear Knickers with Bow-Knot,4.1 out of 5 stars,33,#24,,,,,,,
24,FINE TOO 6 Pack Seamless Thongs for Women Breathable Tangas Underwear No Show Strings Comfortable Thongs Panties Invisible Hipster XS-XL,4.5 out of 5 stars,422,#25,,,,,,,
25,KUKU PANDA Cotton G String Thongs for Women T Back Gstring Underwear Seamless Panties Low Cut Comfortable Tangas Sexy Stringsthongs 4 Pack Set,4.5 out of 5 stars,670,#26,,,,,,,
26,KUKU PANDA Cotton Thongs for Women Sexy Seamless Woman G String Panties 3 Pack Set,4.4 out of 5 stars,"4,567",#27,,,,,,,
27,Nightease Womens Black Lace Thong Knickers Pack of 4pcs Cute Lingerie Gstrings Panties,4.3 out of 5 stars,83,#28,,,,,,,
28,DRESHOW 6 Pack Women's Thongs Cotton Breathable Panties Bikini Underwear,4.5 out of 5 stars,341,#29,,,,,,,
29,Simply Joshimo Womens Sexy Lace G-String | Classic Everyday Thong,3.8 out of 5 stars,41,#30,,,,,,,
